<?xml version="1.0" encoding="UTF-8"?>
<GenRun Id="impl_1" LaunchPart="xc7a100tcsg324-1" LaunchTime="1730931335">
  <File Type="ROUTE-PWR" Name="vgatop_power_routed.rpt"/>
  <File Type="PA-TCL" Name="vgatop.tcl"/>
  <File Type="ROUTE-PWR-SUM" Name="vgatop_power_summary_routed.pb"/>
  <File Type="REPORTS-TCL" Name="vgatop_reports.tcl"/>
  <File Type="OPT-RQA-PB" Name="vgatop_rqa_opted.pb"/>
  <File Type="BITSTR-MMI" Name="vgatop.mmi"/>
  <File Type="OPT-METHODOLOGY-DRC" Name="vgatop_methodology_drc_opted.rpt"/>
  <File Type="INIT-TIMING" Name="vgatop_timing_summary_init.rpt"/>
  <File Type="OPT-TIMING" Name="vgatop_timing_summary_opted.rpt"/>
  <File Type="OPT-DCP" Name="vgatop_opt.dcp"/>
  <File Type="OPT-DRC" Name="vgatop_drc_opted.rpt"/>
  <File Type="OPT-HWDEF" Name="vgatop.hwdef"/>
  <File Type="PWROPT-DCP" Name="vgatop_pwropt.dcp"/>
  <File Type="PWROPT-DRC" Name="vgatop_drc_pwropted.rpt"/>
  <File Type="PWROPT-TIMING" Name="vgatop_timing_summary_pwropted.rpt"/>
  <File Type="PLACE-DCP" Name="vgatop_placed.dcp"/>
  <File Type="PLACE-IO" Name="vgatop_io_placed.rpt"/>
  <File Type="PLACE-CLK" Name="vgatop_clock_utilization_placed.rpt"/>
  <File Type="PLACE-UTIL" Name="vgatop_utilization_placed.rpt"/>
  <File Type="PLACE-UTIL-PB" Name="vgatop_utilization_placed.pb"/>
  <File Type="PLACE-CTRL" Name="vgatop_control_sets_placed.rpt"/>
  <File Type="PLACE-SIMILARITY" Name="vgatop_incremental_reuse_placed.rpt"/>
  <File Type="PLACE-PRE-SIMILARITY" Name="vgatop_incremental_reuse_pre_placed.rpt"/>
  <File Type="BG-BIN" Name="vgatop.bin"/>
  <File Type="PLACE-TIMING" Name="vgatop_timing_summary_placed.rpt"/>
  <File Type="ROUTE-PWR-RPX" Name="vgatop_power_routed.rpx"/>
  <File Type="PLACE-RQA-PB" Name="vgatop_rqa_placed.pb"/>
  <File Type="POSTPLACE-PWROPT-DCP" Name="vgatop_postplace_pwropt.dcp"/>
  <File Type="BITSTR-MSK" Name="vgatop.msk"/>
  <File Type="POSTPLACE-PWROPT-TIMING" Name="vgatop_timing_summary_postplace_pwropted.rpt"/>
  <File Type="PHYSOPT-DCP" Name="vgatop_physopt.dcp"/>
  <File Type="PHYSOPT-DRC" Name="vgatop_drc_physopted.rpt"/>
  <File Type="BITSTR-RBT" Name="vgatop.rbt"/>
  <File Type="PHYSOPT-TIMING" Name="vgatop_timing_summary_physopted.rpt"/>
  <File Type="ROUTE-ERROR-DCP" Name="vgatop_routed_error.dcp"/>
  <File Type="ROUTE-DCP" Name="vgatop_routed.dcp"/>
  <File Type="ROUTE-BLACKBOX-DCP" Name="vgatop_routed_bb.dcp"/>
  <File Type="ROUTE-DRC" Name="vgatop_drc_routed.rpt"/>
  <File Type="ROUTE-DRC-PB" Name="vgatop_drc_routed.pb"/>
  <File Type="ROUTE-DRC-RPX" Name="vgatop_drc_routed.rpx"/>
  <File Type="ROUTE-METHODOLOGY-DRC" Name="vgatop_methodology_drc_routed.rpt"/>
  <File Type="ROUTE-METHODOLOGY-DRC-RPX" Name="vgatop_methodology_drc_routed.rpx"/>
  <File Type="ROUTE-METHODOLOGY-DRC-PB" Name="vgatop_methodology_drc_routed.pb"/>
  <File Type="ROUTE-RQS-PB" Name="vgatop_rqs_routed.pb"/>
  <File Type="ROUTE-STATUS" Name="vgatop_route_status.rpt"/>
  <File Type="ROUTE-STATUS-PB" Name="vgatop_route_status.pb"/>
  <File Type="ROUTE-TIMINGSUMMARY" Name="vgatop_timing_summary_routed.rpt"/>
  <File Type="ROUTE-TIMING-PB" Name="vgatop_timing_summary_routed.pb"/>
  <File Type="ROUTE-TIMING-RPX" Name="vgatop_timing_summary_routed.rpx"/>
  <File Type="ROUTE-SIMILARITY" Name="vgatop_incremental_reuse_routed.rpt"/>
  <File Type="ROUTE-CLK" Name="vgatop_clock_utilization_routed.rpt"/>
  <File Type="ROUTE-BUS-SKEW" Name="vgatop_bus_skew_routed.rpt"/>
  <File Type="ROUTE-BUS-SKEW-PB" Name="vgatop_bus_skew_routed.pb"/>
  <File Type="ROUTE-BUS-SKEW-RPX" Name="vgatop_bus_skew_routed.rpx"/>
  <File Type="POSTROUTE-PHYSOPT-DCP" Name="vgatop_postroute_physopt.dcp"/>
  <File Type="POSTROUTE-PHYSOPT-BLACKBOX-DCP" Name="vgatop_postroute_physopt_bb.dcp"/>
  <File Type="POSTROUTE-PHYSOPT-TIMING" Name="vgatop_timing_summary_postroute_physopted.rpt"/>
  <File Type="POSTROUTE-PHYSOPT-TIMING-PB" Name="vgatop_timing_summary_postroute_physopted.pb"/>
  <File Type="POSTROUTE-PHYSOPT-TIMING-RPX" Name="vgatop_timing_summary_postroute_physopted.rpx"/>
  <File Type="POSTROUTE-PHYSOPT-BUS-SKEW" Name="vgatop_bus_skew_postroute_physopted.rpt"/>
  <File Type="BG-BIT" Name="vgatop.bit"/>
  <File Type="POSTROUTE-PHYSOPT-BUS-SKEW-PB" Name="vgatop_bus_skew_postroute_physopted.pb"/>
  <File Type="POSTROUTE-PHYSOPT-BUS-SKEW-RPX" Name="vgatop_bus_skew_postroute_physopted.rpx"/>
  <File Type="BITSTR-NKY" Name="vgatop.nky"/>
  <File Type="BITSTR-BMM" Name="vgatop_bd.bmm"/>
  <File Type="PDI-FILE" Name="vgatop.pdi"/>
  <File Type="BOOT-PDI-FILE" Name="vgatop_boot.pdi"/>
  <File Type="PL-PDI-FILE" Name="vgatop_pld.pdi"/>
  <File Type="RCFI_FILE" Name="vgatop.rcfi"/>
  <File Type="CFI_FILE" Name="vgatop.cfi"/>
  <File Type="RNPI_FILE" Name="vgatop.rnpi"/>
  <File Type="NPI_FILE" Name="vgatop.npi"/>
  <File Type="RBD_FILE" Name="vgatop.rbd"/>
  <File Type="BITSTR-LTX" Name="debug_nets.ltx"/>
  <File Type="BITSTR-LTX" Name="vgatop.ltx"/>
  <File Type="BITSTR-SYSDEF" Name="vgatop.sysdef"/>
  <File Type="BG-BGN" Name="vgatop.bgn"/>
  <File Type="BG-DRC" Name="vgatop.drc"/>
  <File Type="RDI-RDI" Name="vgatop.vdi"/>
  <File Type="WBT-USG" Name="usage_statistics_webtalk.html"/>
  <File Type="ROUTE-RQS" Name="vgatop_routed.rqs"/>
  <File Type="POSTROUTE-PHYSOPT-RQS" Name="vgatop_postroute_physopted.rqs"/>
  <File Type="ROUTE-RQS-RPT" Name="route_report_qor_suggestions_0.rpt"/>
  <File Type="POSTROUTE-PHYSOPT-RQS-RPT" Name="postroute_physopt_report_qor_suggestions_0.rpt"/>
  <FileSet Name="sources" Type="DesignSrcs" RelSrcDir="$PSRCDIR/sources_1" RelGenDir="$PGENDIR/sources_1">
    <Filter Type="Srcs"/>
    <File Path="$PSRCDIR/sources_1/new/top.sv">
      <FileInfo>
        <Attr Name="UsedIn" Val="synthesis"/>
        <Attr Name="UsedIn" Val="implementation"/>
        <Attr Name="UsedIn" Val="simulation"/>
      </FileInfo>
    </File>
    <Config>
      <Option Name="DesignMode" Val="RTL"/>
      <Option Name="TopModule" Val="vgatop"/>
      <Option Name="TopAutoSet" Val="TRUE"/>
    </Config>
  </FileSet>
  <FileSet Name="constrs_in" Type="Constrs" RelSrcDir="$PSRCDIR/constrs_1" RelGenDir="$PGENDIR/constrs_1">
    <Filter Type="Constrs"/>
    <File Path="$PSRCDIR/constrs_1/new/constraint.xdc">
      <FileInfo>
        <Attr Name="UsedIn" Val="synthesis"/>
        <Attr Name="UsedIn" Val="implementation"/>
      </FileInfo>
    </File>
    <Config>
      <Option Name="ConstrsType" Val="XDC"/>
    </Config>
  </FileSet>
  <FileSet Name="utils" Type="Utils" RelSrcDir="$PSRCDIR/utils_1" RelGenDir="$PGENDIR/utils_1">
    <Filter Type="Utils"/>
    <File Path="$PSRCDIR/utils_1/imports/synth_1/vgatop.dcp">
      <FileInfo>
        <Attr Name="UsedIn" Val="synthesis"/>
        <Attr Name="UsedIn" Val="implementation"/>
        <Attr Name="UsedInSteps" Val="synth_1"/>
        <Attr Name="AutoDcp" Val="1"/>
      </FileInfo>
    </File>
    <Config>
      <Option Name="TopAutoSet" Val="TRUE"/>
    </Config>
  </FileSet>
  <Strategy Version="1" Minor="2">
    <StratHandle Name="Vivado Implementation Defaults" Flow="Vivado Implementation 2023"/>
    <Step Id="init_design"/>
    <Step Id="opt_design"/>
    <Step Id="power_opt_design"/>
    <Step Id="place_design"/>
    <Step Id="post_place_power_opt_design"/>
    <Step Id="phys_opt_design"/>
    <Step Id="route_design"/>
    <Step Id="post_route_phys_opt_design"/>
    <Step Id="write_bitstream"/>
  </Strategy>
  <BlockFileSet Type="BlockSrcs" Name="clk_wiz_0"/>
</GenRun>
