<?xml version="1.0" encoding="UTF-8"?>
<GenRun Id="synth_1" LaunchPart="xc7a100tcsg324-1" LaunchTime="1726085256" LaunchIncrCheckpoint="$PSRCDIR/utils_1/imports/synth_1/TopCounter.dcp">
  <File Type="PA-TCL" Name="TopCounter.tcl"/>
  <File Type="RDS-PROPCONSTRS" Name="TopCounter_drc_synth.rpt"/>
  <File Type="REPORTS-TCL" Name="TopCounter_reports.tcl"/>
  <File Type="RDS-RDS" Name="TopCounter.vds"/>
  <File Type="RDS-UTIL" Name="TopCounter_utilization_synth.rpt"/>
  <File Type="RDS-UTIL-PB" Name="TopCounter_utilization_synth.pb"/>
  <File Type="RDS-DCP" Name="TopCounter.dcp"/>
  <File Type="VDS-TIMINGSUMMARY" Name="TopCounter_timing_summary_synth.rpt"/>
  <File Type="VDS-TIMING-PB" Name="TopCounter_timing_summary_synth.pb"/>
  <FileSet Name="sources" Type="DesignSrcs" RelSrcDir="$PSRCDIR/sources_1" RelGenDir="$PGENDIR/sources_1">
    <Filter Type="Srcs"/>
    <File Path="$PSRCDIR/sources_1/new/nf.v">
      <FileInfo>
        <Attr Name="UsedIn" Val="synthesis"/>
        <Attr Name="UsedIn" Val="implementation"/>
        <Attr Name="UsedIn" Val="simulation"/>
      </FileInfo>
    </File>
    <Config>
      <Option Name="DesignMode" Val="RTL"/>
      <Option Name="TopModule" Val="TopCounter"/>
      <Option Name="TopAutoSet" Val="TRUE"/>
    </Config>
  </FileSet>
  <FileSet Name="constrs_in" Type="Constrs" RelSrcDir="$PSRCDIR/constrs_1" RelGenDir="$PGENDIR/constrs_1">
    <Filter Type="Constrs"/>
    <File Path="$PSRCDIR/constrs_1/imports/new/cf.xdc">
      <FileInfo>
        <Attr Name="ImportPath" Val="$PPRDIR/../lab2/lab2.srcs/constrs_1/imports/new/cf.xdc"/>
        <Attr Name="ImportTime" Val="1725485605"/>
        <Attr Name="UsedIn" Val="synthesis"/>
        <Attr Name="UsedIn" Val="implementation"/>
      </FileInfo>
    </File>
    <Config>
      <Option Name="ConstrsType" Val="XDC"/>
    </Config>
  </FileSet>
  <FileSet Name="utils" Type="Utils" RelSrcDir="$PSRCDIR/utils_1" RelGenDir="$PGENDIR/utils_1">
    <Filter Type="Utils"/>
    <File Path="$PSRCDIR/utils_1/imports/synth_1/TopCounter.dcp">
      <FileInfo>
        <Attr Name="UsedIn" Val="synthesis"/>
        <Attr Name="UsedIn" Val="implementation"/>
        <Attr Name="UsedInSteps" Val="synth_1"/>
        <Attr Name="AutoDcp" Val="1"/>
      </FileInfo>
    </File>
    <Config>
      <Option Name="TopAutoSet" Val="TRUE"/>
    </Config>
  </FileSet>
  <Strategy Version="1" Minor="2">
    <StratHandle Name="Vivado Synthesis Defaults" Flow="Vivado Synthesis 2023"/>
    <Step Id="synth_design"/>
  </Strategy>
</GenRun>
