<?xml version="1.0" encoding="UTF-8"?>
<GenRun Id="impl_1" LaunchPart="xc7a100tcsg324-1" LaunchTime="1727882766">
  <File Type="ROUTE-PWR" Name="counting_buttons_power_routed.rpt"/>
  <File Type="PA-TCL" Name="counting_buttons.tcl"/>
  <File Type="ROUTE-PWR-SUM" Name="counting_buttons_power_summary_routed.pb"/>
  <File Type="REPORTS-TCL" Name="counting_buttons_reports.tcl"/>
  <File Type="BITSTR-MSK" Name="counting_buttons.msk"/>
  <File Type="ROUTE-CLK" Name="counting_buttons_clock_utilization_routed.rpt"/>
  <File Type="RDI-RDI" Name="counting_buttons.vdi"/>
  <File Type="POSTROUTE-PHYSOPT-BUS-SKEW-PB" Name="counting_buttons_bus_skew_postroute_physopted.pb"/>
  <File Type="BG-BIT" Name="counting_buttons.bit"/>
  <File Type="BG-DRC" Name="counting_buttons.drc"/>
  <File Type="BG-BGN" Name="counting_buttons.bgn"/>
  <File Type="BG-BIN" Name="counting_buttons.bin"/>
  <File Type="BITSTR-RBT" Name="counting_buttons.rbt"/>
  <File Type="BITSTR-NKY" Name="counting_buttons.nky"/>
  <File Type="BITSTR-BMM" Name="counting_buttons_bd.bmm"/>
  <File Type="BITSTR-MMI" Name="counting_buttons.mmi"/>
  <File Type="ROUTE-METHODOLOGY-DRC" Name="counting_buttons_methodology_drc_routed.rpt"/>
  <File Type="BITSTR-SYSDEF" Name="counting_buttons.sysdef"/>
  <File Type="BITSTR-LTX" Name="debug_nets.ltx"/>
  <File Type="BITSTR-LTX" Name="counting_buttons.ltx"/>
  <File Type="WBT-USG" Name="usage_statistics_webtalk.html"/>
  <File Type="OPT-DRC" Name="counting_buttons_drc_opted.rpt"/>
  <File Type="OPT-HWDEF" Name="counting_buttons.hwdef"/>
  <File Type="PLACE-IO" Name="counting_buttons_io_placed.rpt"/>
  <File Type="PLACE-UTIL" Name="counting_buttons_utilization_placed.rpt"/>
  <File Type="PLACE-UTIL-PB" Name="counting_buttons_utilization_placed.pb"/>
  <File Type="PLACE-CTRL" Name="counting_buttons_control_sets_placed.rpt"/>
  <File Type="PLACE-PRE-SIMILARITY" Name="counting_buttons_incremental_reuse_pre_placed.rpt"/>
  <File Type="ROUTE-DRC" Name="counting_buttons_drc_routed.rpt"/>
  <File Type="ROUTE-DRC-PB" Name="counting_buttons_drc_routed.pb"/>
  <File Type="ROUTE-PWR-RPX" Name="counting_buttons_power_routed.rpx"/>
  <File Type="ROUTE-STATUS" Name="counting_buttons_route_status.rpt"/>
  <File Type="ROUTE-STATUS-PB" Name="counting_buttons_route_status.pb"/>
  <File Type="ROUTE-DCP" Name="counting_buttons_routed.dcp"/>
  <File Type="ROUTE-ERROR-DCP" Name="counting_buttons_routed_error.dcp"/>
  <File Type="ROUTE-BLACKBOX-DCP" Name="counting_buttons_routed_bb.dcp"/>
  <File Type="ROUTE-TIMINGSUMMARY" Name="counting_buttons_timing_summary_routed.rpt"/>
  <File Type="ROUTE-TIMING-PB" Name="counting_buttons_timing_summary_routed.pb"/>
  <File Type="ROUTE-TIMING-RPX" Name="counting_buttons_timing_summary_routed.rpx"/>
  <File Type="ROUTE-SIMILARITY" Name="counting_buttons_incremental_reuse_routed.rpt"/>
  <File Type="ROUTE-BUS-SKEW" Name="counting_buttons_bus_skew_routed.rpt"/>
  <File Type="ROUTE-BUS-SKEW-PB" Name="counting_buttons_bus_skew_routed.pb"/>
  <File Type="ROUTE-BUS-SKEW-RPX" Name="counting_buttons_bus_skew_routed.rpx"/>
  <File Type="OPT-DCP" Name="counting_buttons_opt.dcp"/>
  <File Type="PLACE-DCP" Name="counting_buttons_placed.dcp"/>
  <File Type="PWROPT-DCP" Name="counting_buttons_pwropt.dcp"/>
  <File Type="POSTPLACE-PWROPT-DCP" Name="counting_buttons_postplace_pwropt.dcp"/>
  <File Type="PHYSOPT-DCP" Name="counting_buttons_physopt.dcp"/>
  <File Type="POSTROUTE-PHYSOPT-DCP" Name="counting_buttons_postroute_physopt.dcp"/>
  <File Type="POSTROUTE-PHYSOPT-BLACKBOX-DCP" Name="counting_buttons_postroute_physopt_bb.dcp"/>
  <File Type="POSTROUTE-PHYSOPT-TIMING" Name="counting_buttons_timing_summary_postroute_physopted.rpt"/>
  <File Type="POSTROUTE-PHYSOPT-TIMING-PB" Name="counting_buttons_timing_summary_postroute_physopted.pb"/>
  <File Type="POSTROUTE-PHYSOPT-TIMING-RPX" Name="counting_buttons_timing_summary_postroute_physopted.rpx"/>
  <File Type="POSTROUTE-PHYSOPT-BUS-SKEW" Name="counting_buttons_bus_skew_postroute_physopted.rpt"/>
  <File Type="POSTROUTE-PHYSOPT-BUS-SKEW-RPX" Name="counting_buttons_bus_skew_postroute_physopted.rpx"/>
  <File Type="ROUTE-METHODOLOGY-DRC-PB" Name="counting_buttons_methodology_drc_routed.pb"/>
  <File Type="ROUTE-DRC-RPX" Name="counting_buttons_drc_routed.rpx"/>
  <File Type="ROUTE-METHODOLOGY-DRC-RPX" Name="counting_buttons_methodology_drc_routed.rpx"/>
  <File Type="PDI-FILE" Name="counting_buttons.pdi"/>
  <File Type="BOOT-PDI-FILE" Name="counting_buttons_boot.pdi"/>
  <File Type="PL-PDI-FILE" Name="counting_buttons_pld.pdi"/>
  <File Type="RCFI_FILE" Name="counting_buttons.rcfi"/>
  <File Type="CFI_FILE" Name="counting_buttons.cfi"/>
  <File Type="RNPI_FILE" Name="counting_buttons.rnpi"/>
  <File Type="NPI_FILE" Name="counting_buttons.npi"/>
  <File Type="RBD_FILE" Name="counting_buttons.rbd"/>
  <File Type="ROUTE-RQS" Name="counting_buttons_routed.rqs"/>
  <File Type="POSTROUTE-PHYSOPT-RQS" Name="counting_buttons_postroute_physopted.rqs"/>
  <File Type="ROUTE-RQS-RPT" Name="route_report_qor_suggestions_0.rpt"/>
  <File Type="POSTROUTE-PHYSOPT-RQS-RPT" Name="postroute_physopt_report_qor_suggestions_0.rpt"/>
  <FileSet Name="sources" Type="DesignSrcs" RelSrcDir="$PSRCDIR/sources_1" RelGenDir="$PGENDIR/sources_1">
    <Filter Type="Srcs"/>
    <File Path="$PPRDIR/../../../../FPGA/The-FPGA-Programming-Handbook-Second-Edition-main/CH4/SystemVerilog/counting_buttons/hdl/cathode_top.sv">
      <FileInfo>
        <Attr Name="UsedIn" Val="synthesis"/>
        <Attr Name="UsedIn" Val="implementation"/>
        <Attr Name="UsedIn" Val="simulation"/>
      </FileInfo>
    </File>
    <File Path="$PPRDIR/../../../../FPGA/The-FPGA-Programming-Handbook-Second-Edition-main/CH4/SystemVerilog/counting_buttons/hdl/seven_segment.sv">
      <FileInfo>
        <Attr Name="UsedIn" Val="synthesis"/>
        <Attr Name="UsedIn" Val="implementation"/>
        <Attr Name="UsedIn" Val="simulation"/>
      </FileInfo>
    </File>
    <File Path="$PPRDIR/../../../../FPGA/The-FPGA-Programming-Handbook-Second-Edition-main/CH4/SystemVerilog/counting_buttons/hdl/counting_buttons.sv">
      <FileInfo>
        <Attr Name="UsedIn" Val="synthesis"/>
        <Attr Name="UsedIn" Val="implementation"/>
        <Attr Name="UsedIn" Val="simulation"/>
      </FileInfo>
    </File>
    <Config>
      <Option Name="DesignMode" Val="RTL"/>
      <Option Name="TopModule" Val="counting_buttons"/>
      <Option Name="TopAutoSet" Val="TRUE"/>
    </Config>
  </FileSet>
  <FileSet Name="constrs_in" Type="Constrs" RelSrcDir="$PSRCDIR/constrs_1" RelGenDir="$PGENDIR/constrs_1">
    <Filter Type="Constrs"/>
    <File Path="$PPRDIR/../../../../FPGA/The-FPGA-Programming-Handbook-Second-Edition-main/CH4/xdc/Nexys-A7-100T-Master.xdc">
      <FileInfo>
        <Attr Name="UsedIn" Val="synthesis"/>
        <Attr Name="UsedIn" Val="implementation"/>
      </FileInfo>
    </File>
    <Config>
      <Option Name="TargetConstrsFile" Val="$PPRDIR/../../../../FPGA/The-FPGA-Programming-Handbook-Second-Edition-main/CH4/xdc/Nexys-A7-100T-Master.xdc"/>
      <Option Name="ConstrsType" Val="XDC"/>
    </Config>
  </FileSet>
  <FileSet Name="utils" Type="Utils" RelSrcDir="$PSRCDIR/utils_1" RelGenDir="$PGENDIR/utils_1">
    <Filter Type="Utils"/>
    <Config>
      <Option Name="TopAutoSet" Val="TRUE"/>
    </Config>
  </FileSet>
  <Strategy Version="1" Minor="2">
    <StratHandle Name="Vivado Implementation Defaults" Flow="Vivado Implementation 2020"/>
    <Step Id="init_design"/>
    <Step Id="opt_design"/>
    <Step Id="power_opt_design"/>
    <Step Id="place_design"/>
    <Step Id="post_place_power_opt_design"/>
    <Step Id="phys_opt_design"/>
    <Step Id="route_design"/>
    <Step Id="post_route_phys_opt_design"/>
    <Step Id="write_bitstream"/>
  </Strategy>
</GenRun>
