<?xml version="1.0" encoding="UTF-8"?>
<GenRun Id="impl_1" LaunchPart="xc7a100tcsg324-1" LaunchTime="1729890887">
  <File Type="ROUTE-PWR" Name="comparator_power_routed.rpt"/>
  <File Type="PA-TCL" Name="comparator.tcl"/>
  <File Type="ROUTE-PWR-SUM" Name="comparator_power_summary_routed.pb"/>
  <File Type="REPORTS-TCL" Name="comparator_reports.tcl"/>
  <File Type="OPT-RQA-PB" Name="comparator_rqa_opted.pb"/>
  <File Type="BITSTR-MMI" Name="comparator.mmi"/>
  <File Type="OPT-METHODOLOGY-DRC" Name="comparator_methodology_drc_opted.rpt"/>
  <File Type="INIT-TIMING" Name="comparator_timing_summary_init.rpt"/>
  <File Type="OPT-TIMING" Name="comparator_timing_summary_opted.rpt"/>
  <File Type="OPT-DCP" Name="comparator_opt.dcp"/>
  <File Type="OPT-DRC" Name="comparator_drc_opted.rpt"/>
  <File Type="OPT-HWDEF" Name="comparator.hwdef"/>
  <File Type="PWROPT-DCP" Name="comparator_pwropt.dcp"/>
  <File Type="PWROPT-DRC" Name="comparator_drc_pwropted.rpt"/>
  <File Type="PWROPT-TIMING" Name="comparator_timing_summary_pwropted.rpt"/>
  <File Type="PLACE-DCP" Name="comparator_placed.dcp"/>
  <File Type="PLACE-IO" Name="comparator_io_placed.rpt"/>
  <File Type="PLACE-CLK" Name="comparator_clock_utilization_placed.rpt"/>
  <File Type="PLACE-UTIL" Name="comparator_utilization_placed.rpt"/>
  <File Type="PLACE-UTIL-PB" Name="comparator_utilization_placed.pb"/>
  <File Type="PLACE-CTRL" Name="comparator_control_sets_placed.rpt"/>
  <File Type="PLACE-SIMILARITY" Name="comparator_incremental_reuse_placed.rpt"/>
  <File Type="PLACE-PRE-SIMILARITY" Name="comparator_incremental_reuse_pre_placed.rpt"/>
  <File Type="BG-BIN" Name="comparator.bin"/>
  <File Type="PLACE-TIMING" Name="comparator_timing_summary_placed.rpt"/>
  <File Type="ROUTE-PWR-RPX" Name="comparator_power_routed.rpx"/>
  <File Type="PLACE-RQA-PB" Name="comparator_rqa_placed.pb"/>
  <File Type="POSTPLACE-PWROPT-DCP" Name="comparator_postplace_pwropt.dcp"/>
  <File Type="BITSTR-MSK" Name="comparator.msk"/>
  <File Type="POSTPLACE-PWROPT-TIMING" Name="comparator_timing_summary_postplace_pwropted.rpt"/>
  <File Type="PHYSOPT-DCP" Name="comparator_physopt.dcp"/>
  <File Type="PHYSOPT-DRC" Name="comparator_drc_physopted.rpt"/>
  <File Type="BITSTR-RBT" Name="comparator.rbt"/>
  <File Type="PHYSOPT-TIMING" Name="comparator_timing_summary_physopted.rpt"/>
  <File Type="ROUTE-ERROR-DCP" Name="comparator_routed_error.dcp"/>
  <File Type="ROUTE-DCP" Name="comparator_routed.dcp"/>
  <File Type="ROUTE-BLACKBOX-DCP" Name="comparator_routed_bb.dcp"/>
  <File Type="ROUTE-DRC" Name="comparator_drc_routed.rpt"/>
  <File Type="ROUTE-DRC-PB" Name="comparator_drc_routed.pb"/>
  <File Type="ROUTE-DRC-RPX" Name="comparator_drc_routed.rpx"/>
  <File Type="ROUTE-METHODOLOGY-DRC" Name="comparator_methodology_drc_routed.rpt"/>
  <File Type="ROUTE-METHODOLOGY-DRC-RPX" Name="comparator_methodology_drc_routed.rpx"/>
  <File Type="ROUTE-METHODOLOGY-DRC-PB" Name="comparator_methodology_drc_routed.pb"/>
  <File Type="ROUTE-RQS-PB" Name="comparator_rqs_routed.pb"/>
  <File Type="ROUTE-STATUS" Name="comparator_route_status.rpt"/>
  <File Type="ROUTE-STATUS-PB" Name="comparator_route_status.pb"/>
  <File Type="ROUTE-TIMINGSUMMARY" Name="comparator_timing_summary_routed.rpt"/>
  <File Type="ROUTE-TIMING-PB" Name="comparator_timing_summary_routed.pb"/>
  <File Type="ROUTE-TIMING-RPX" Name="comparator_timing_summary_routed.rpx"/>
  <File Type="ROUTE-SIMILARITY" Name="comparator_incremental_reuse_routed.rpt"/>
  <File Type="ROUTE-CLK" Name="comparator_clock_utilization_routed.rpt"/>
  <File Type="ROUTE-BUS-SKEW" Name="comparator_bus_skew_routed.rpt"/>
  <File Type="ROUTE-BUS-SKEW-PB" Name="comparator_bus_skew_routed.pb"/>
  <File Type="ROUTE-BUS-SKEW-RPX" Name="comparator_bus_skew_routed.rpx"/>
  <File Type="POSTROUTE-PHYSOPT-DCP" Name="comparator_postroute_physopt.dcp"/>
  <File Type="POSTROUTE-PHYSOPT-BLACKBOX-DCP" Name="comparator_postroute_physopt_bb.dcp"/>
  <File Type="POSTROUTE-PHYSOPT-TIMING" Name="comparator_timing_summary_postroute_physopted.rpt"/>
  <File Type="POSTROUTE-PHYSOPT-TIMING-PB" Name="comparator_timing_summary_postroute_physopted.pb"/>
  <File Type="POSTROUTE-PHYSOPT-TIMING-RPX" Name="comparator_timing_summary_postroute_physopted.rpx"/>
  <File Type="POSTROUTE-PHYSOPT-BUS-SKEW" Name="comparator_bus_skew_postroute_physopted.rpt"/>
  <File Type="BG-BIT" Name="comparator.bit"/>
  <File Type="POSTROUTE-PHYSOPT-BUS-SKEW-PB" Name="comparator_bus_skew_postroute_physopted.pb"/>
  <File Type="POSTROUTE-PHYSOPT-BUS-SKEW-RPX" Name="comparator_bus_skew_postroute_physopted.rpx"/>
  <File Type="BITSTR-NKY" Name="comparator.nky"/>
  <File Type="BITSTR-BMM" Name="comparator_bd.bmm"/>
  <File Type="PDI-FILE" Name="comparator.pdi"/>
  <File Type="BOOT-PDI-FILE" Name="comparator_boot.pdi"/>
  <File Type="PL-PDI-FILE" Name="comparator_pld.pdi"/>
  <File Type="RCFI_FILE" Name="comparator.rcfi"/>
  <File Type="CFI_FILE" Name="comparator.cfi"/>
  <File Type="RNPI_FILE" Name="comparator.rnpi"/>
  <File Type="NPI_FILE" Name="comparator.npi"/>
  <File Type="RBD_FILE" Name="comparator.rbd"/>
  <File Type="BITSTR-LTX" Name="debug_nets.ltx"/>
  <File Type="BITSTR-LTX" Name="comparator.ltx"/>
  <File Type="BITSTR-SYSDEF" Name="comparator.sysdef"/>
  <File Type="BG-BGN" Name="comparator.bgn"/>
  <File Type="BG-DRC" Name="comparator.drc"/>
  <File Type="RDI-RDI" Name="comparator.vdi"/>
  <File Type="WBT-USG" Name="usage_statistics_webtalk.html"/>
  <File Type="ROUTE-RQS" Name="comparator_routed.rqs"/>
  <File Type="POSTROUTE-PHYSOPT-RQS" Name="comparator_postroute_physopted.rqs"/>
  <File Type="ROUTE-RQS-RPT" Name="route_report_qor_suggestions_0.rpt"/>
  <File Type="POSTROUTE-PHYSOPT-RQS-RPT" Name="postroute_physopt_report_qor_suggestions_0.rpt"/>
  <FileSet Name="sources" Type="DesignSrcs" RelSrcDir="$PSRCDIR/sources_1" RelGenDir="$PGENDIR/sources_1">
    <Filter Type="Srcs"/>
    <File Path="$PSRCDIR/sources_1/imports/sources_1/imports/hdl/cathode_top.sv">
      <FileInfo>
        <Attr Name="ImportPath" Val="$PPRDIR/../lab8/lab8.srcs/sources_1/imports/sources_1/imports/hdl/cathode_top.sv"/>
        <Attr Name="ImportTime" Val="1728501866"/>
        <Attr Name="UsedIn" Val="synthesis"/>
        <Attr Name="UsedIn" Val="implementation"/>
        <Attr Name="UsedIn" Val="simulation"/>
      </FileInfo>
    </File>
    <File Path="$PSRCDIR/sources_1/imports/sources_1/imports/hdl/seven_segment.sv">
      <FileInfo>
        <Attr Name="ImportPath" Val="$PPRDIR/../lab8/lab8.srcs/sources_1/imports/sources_1/imports/hdl/seven_segment.sv"/>
        <Attr Name="ImportTime" Val="1728501568"/>
        <Attr Name="UsedIn" Val="synthesis"/>
        <Attr Name="UsedIn" Val="implementation"/>
        <Attr Name="UsedIn" Val="simulation"/>
      </FileInfo>
    </File>
    <File Path="$PSRCDIR/sources_1/imports/sources_1/new/top.sv">
      <FileInfo>
        <Attr Name="ImportPath" Val="$PPRDIR/../lab8/lab8.srcs/sources_1/imports/sources_1/new/top.sv"/>
        <Attr Name="ImportTime" Val="1729882305"/>
        <Attr Name="UsedIn" Val="synthesis"/>
        <Attr Name="UsedIn" Val="implementation"/>
        <Attr Name="UsedIn" Val="simulation"/>
      </FileInfo>
    </File>
    <Config>
      <Option Name="DesignMode" Val="RTL"/>
      <Option Name="TopModule" Val="comparator"/>
      <Option Name="TopAutoSet" Val="TRUE"/>
    </Config>
  </FileSet>
  <FileSet Name="constrs_in" Type="Constrs" RelSrcDir="$PSRCDIR/constrs_1" RelGenDir="$PGENDIR/constrs_1">
    <Filter Type="Constrs"/>
    <File Path="$PSRCDIR/constrs_1/imports/xdc/Nexys-A7-100T-Master.xdc">
      <FileInfo>
        <Attr Name="ImportPath" Val="$PPRDIR/../lab8/lab8.srcs/constrs_1/imports/xdc/Nexys-A7-100T-Master.xdc"/>
        <Attr Name="ImportTime" Val="1728327230"/>
        <Attr Name="UsedIn" Val="synthesis"/>
        <Attr Name="UsedIn" Val="implementation"/>
      </FileInfo>
    </File>
    <Config>
      <Option Name="ConstrsType" Val="XDC"/>
    </Config>
  </FileSet>
  <FileSet Name="utils" Type="Utils" RelSrcDir="$PSRCDIR/utils_1" RelGenDir="$PGENDIR/utils_1">
    <Filter Type="Utils"/>
    <File Path="$PSRCDIR/utils_1/imports/synth_1/counting_state_machine.dcp">
      <FileInfo>
        <Attr Name="UsedIn" Val="synthesis"/>
        <Attr Name="UsedIn" Val="implementation"/>
        <Attr Name="UsedInSteps" Val="synth_1"/>
        <Attr Name="AutoDcp" Val="1"/>
      </FileInfo>
    </File>
    <Config>
      <Option Name="TopAutoSet" Val="TRUE"/>
    </Config>
  </FileSet>
  <Strategy Version="1" Minor="2">
    <StratHandle Name="Vivado Implementation Defaults" Flow="Vivado Implementation 2023">
      <Desc>Default settings for Implementation.</Desc>
    </StratHandle>
    <Step Id="init_design"/>
    <Step Id="opt_design"/>
    <Step Id="power_opt_design"/>
    <Step Id="place_design"/>
    <Step Id="post_place_power_opt_design"/>
    <Step Id="phys_opt_design"/>
    <Step Id="route_design"/>
    <Step Id="post_route_phys_opt_design"/>
    <Step Id="write_bitstream"/>
  </Strategy>
</GenRun>
