<?xml version="1.0" encoding="UTF-8"?>
<GenRun Id="impl_1" LaunchPart="xc7a100tcsg324-1" LaunchTime="1726085256">
  <File Type="ROUTE-PWR" Name="TopCounter_power_routed.rpt"/>
  <File Type="PA-TCL" Name="TopCounter.tcl"/>
  <File Type="ROUTE-PWR-SUM" Name="TopCounter_power_summary_routed.pb"/>
  <File Type="REPORTS-TCL" Name="TopCounter_reports.tcl"/>
  <File Type="OPT-RQA-PB" Name="TopCounter_rqa_opted.pb"/>
  <File Type="BITSTR-MMI" Name="TopCounter.mmi"/>
  <File Type="OPT-METHODOLOGY-DRC" Name="TopCounter_methodology_drc_opted.rpt"/>
  <File Type="INIT-TIMING" Name="TopCounter_timing_summary_init.rpt"/>
  <File Type="OPT-TIMING" Name="TopCounter_timing_summary_opted.rpt"/>
  <File Type="OPT-DCP" Name="TopCounter_opt.dcp"/>
  <File Type="OPT-DRC" Name="TopCounter_drc_opted.rpt"/>
  <File Type="OPT-HWDEF" Name="TopCounter.hwdef"/>
  <File Type="PWROPT-DCP" Name="TopCounter_pwropt.dcp"/>
  <File Type="PWROPT-DRC" Name="TopCounter_drc_pwropted.rpt"/>
  <File Type="PWROPT-TIMING" Name="TopCounter_timing_summary_pwropted.rpt"/>
  <File Type="PLACE-DCP" Name="TopCounter_placed.dcp"/>
  <File Type="PLACE-IO" Name="TopCounter_io_placed.rpt"/>
  <File Type="PLACE-CLK" Name="TopCounter_clock_utilization_placed.rpt"/>
  <File Type="PLACE-UTIL" Name="TopCounter_utilization_placed.rpt"/>
  <File Type="PLACE-UTIL-PB" Name="TopCounter_utilization_placed.pb"/>
  <File Type="PLACE-CTRL" Name="TopCounter_control_sets_placed.rpt"/>
  <File Type="PLACE-SIMILARITY" Name="TopCounter_incremental_reuse_placed.rpt"/>
  <File Type="PLACE-PRE-SIMILARITY" Name="TopCounter_incremental_reuse_pre_placed.rpt"/>
  <File Type="BG-BIN" Name="TopCounter.bin"/>
  <File Type="PLACE-TIMING" Name="TopCounter_timing_summary_placed.rpt"/>
  <File Type="ROUTE-PWR-RPX" Name="TopCounter_power_routed.rpx"/>
  <File Type="PLACE-RQA-PB" Name="TopCounter_rqa_placed.pb"/>
  <File Type="POSTPLACE-PWROPT-DCP" Name="TopCounter_postplace_pwropt.dcp"/>
  <File Type="BITSTR-MSK" Name="TopCounter.msk"/>
  <File Type="POSTPLACE-PWROPT-TIMING" Name="TopCounter_timing_summary_postplace_pwropted.rpt"/>
  <File Type="PHYSOPT-DCP" Name="TopCounter_physopt.dcp"/>
  <File Type="PHYSOPT-DRC" Name="TopCounter_drc_physopted.rpt"/>
  <File Type="BITSTR-RBT" Name="TopCounter.rbt"/>
  <File Type="PHYSOPT-TIMING" Name="TopCounter_timing_summary_physopted.rpt"/>
  <File Type="ROUTE-ERROR-DCP" Name="TopCounter_routed_error.dcp"/>
  <File Type="ROUTE-DCP" Name="TopCounter_routed.dcp"/>
  <File Type="ROUTE-BLACKBOX-DCP" Name="TopCounter_routed_bb.dcp"/>
  <File Type="ROUTE-DRC" Name="TopCounter_drc_routed.rpt"/>
  <File Type="ROUTE-DRC-PB" Name="TopCounter_drc_routed.pb"/>
  <File Type="ROUTE-DRC-RPX" Name="TopCounter_drc_routed.rpx"/>
  <File Type="ROUTE-METHODOLOGY-DRC" Name="TopCounter_methodology_drc_routed.rpt"/>
  <File Type="ROUTE-METHODOLOGY-DRC-RPX" Name="TopCounter_methodology_drc_routed.rpx"/>
  <File Type="ROUTE-METHODOLOGY-DRC-PB" Name="TopCounter_methodology_drc_routed.pb"/>
  <File Type="ROUTE-RQS-PB" Name="TopCounter_rqs_routed.pb"/>
  <File Type="ROUTE-STATUS" Name="TopCounter_route_status.rpt"/>
  <File Type="ROUTE-STATUS-PB" Name="TopCounter_route_status.pb"/>
  <File Type="ROUTE-TIMINGSUMMARY" Name="TopCounter_timing_summary_routed.rpt"/>
  <File Type="ROUTE-TIMING-PB" Name="TopCounter_timing_summary_routed.pb"/>
  <File Type="ROUTE-TIMING-RPX" Name="TopCounter_timing_summary_routed.rpx"/>
  <File Type="ROUTE-SIMILARITY" Name="TopCounter_incremental_reuse_routed.rpt"/>
  <File Type="ROUTE-CLK" Name="TopCounter_clock_utilization_routed.rpt"/>
  <File Type="ROUTE-BUS-SKEW" Name="TopCounter_bus_skew_routed.rpt"/>
  <File Type="ROUTE-BUS-SKEW-PB" Name="TopCounter_bus_skew_routed.pb"/>
  <File Type="ROUTE-BUS-SKEW-RPX" Name="TopCounter_bus_skew_routed.rpx"/>
  <File Type="POSTROUTE-PHYSOPT-DCP" Name="TopCounter_postroute_physopt.dcp"/>
  <File Type="POSTROUTE-PHYSOPT-BLACKBOX-DCP" Name="TopCounter_postroute_physopt_bb.dcp"/>
  <File Type="POSTROUTE-PHYSOPT-TIMING" Name="TopCounter_timing_summary_postroute_physopted.rpt"/>
  <File Type="POSTROUTE-PHYSOPT-TIMING-PB" Name="TopCounter_timing_summary_postroute_physopted.pb"/>
  <File Type="POSTROUTE-PHYSOPT-TIMING-RPX" Name="TopCounter_timing_summary_postroute_physopted.rpx"/>
  <File Type="POSTROUTE-PHYSOPT-BUS-SKEW" Name="TopCounter_bus_skew_postroute_physopted.rpt"/>
  <File Type="BG-BIT" Name="TopCounter.bit"/>
  <File Type="POSTROUTE-PHYSOPT-BUS-SKEW-PB" Name="TopCounter_bus_skew_postroute_physopted.pb"/>
  <File Type="POSTROUTE-PHYSOPT-BUS-SKEW-RPX" Name="TopCounter_bus_skew_postroute_physopted.rpx"/>
  <File Type="BITSTR-NKY" Name="TopCounter.nky"/>
  <File Type="BITSTR-BMM" Name="TopCounter_bd.bmm"/>
  <File Type="PDI-FILE" Name="TopCounter.pdi"/>
  <File Type="BOOT-PDI-FILE" Name="TopCounter_boot.pdi"/>
  <File Type="PL-PDI-FILE" Name="TopCounter_pld.pdi"/>
  <File Type="RCFI_FILE" Name="TopCounter.rcfi"/>
  <File Type="CFI_FILE" Name="TopCounter.cfi"/>
  <File Type="RNPI_FILE" Name="TopCounter.rnpi"/>
  <File Type="NPI_FILE" Name="TopCounter.npi"/>
  <File Type="RBD_FILE" Name="TopCounter.rbd"/>
  <File Type="BITSTR-LTX" Name="debug_nets.ltx"/>
  <File Type="BITSTR-LTX" Name="TopCounter.ltx"/>
  <File Type="BITSTR-SYSDEF" Name="TopCounter.sysdef"/>
  <File Type="BG-BGN" Name="TopCounter.bgn"/>
  <File Type="BG-DRC" Name="TopCounter.drc"/>
  <File Type="RDI-RDI" Name="TopCounter.vdi"/>
  <File Type="WBT-USG" Name="usage_statistics_webtalk.html"/>
  <File Type="ROUTE-RQS" Name="TopCounter_routed.rqs"/>
  <File Type="POSTROUTE-PHYSOPT-RQS" Name="TopCounter_postroute_physopted.rqs"/>
  <File Type="ROUTE-RQS-RPT" Name="route_report_qor_suggestions_0.rpt"/>
  <File Type="POSTROUTE-PHYSOPT-RQS-RPT" Name="postroute_physopt_report_qor_suggestions_0.rpt"/>
  <FileSet Name="sources" Type="DesignSrcs" RelSrcDir="$PSRCDIR/sources_1" RelGenDir="$PGENDIR/sources_1">
    <Filter Type="Srcs"/>
    <File Path="$PSRCDIR/sources_1/new/nf.v">
      <FileInfo>
        <Attr Name="UsedIn" Val="synthesis"/>
        <Attr Name="UsedIn" Val="implementation"/>
        <Attr Name="UsedIn" Val="simulation"/>
      </FileInfo>
    </File>
    <Config>
      <Option Name="DesignMode" Val="RTL"/>
      <Option Name="TopModule" Val="TopCounter"/>
      <Option Name="TopAutoSet" Val="TRUE"/>
    </Config>
  </FileSet>
  <FileSet Name="constrs_in" Type="Constrs" RelSrcDir="$PSRCDIR/constrs_1" RelGenDir="$PGENDIR/constrs_1">
    <Filter Type="Constrs"/>
    <File Path="$PSRCDIR/constrs_1/imports/new/cf.xdc">
      <FileInfo>
        <Attr Name="ImportPath" Val="$PPRDIR/../lab2/lab2.srcs/constrs_1/imports/new/cf.xdc"/>
        <Attr Name="ImportTime" Val="1725485605"/>
        <Attr Name="UsedIn" Val="synthesis"/>
        <Attr Name="UsedIn" Val="implementation"/>
      </FileInfo>
    </File>
    <Config>
      <Option Name="ConstrsType" Val="XDC"/>
    </Config>
  </FileSet>
  <FileSet Name="utils" Type="Utils" RelSrcDir="$PSRCDIR/utils_1" RelGenDir="$PGENDIR/utils_1">
    <Filter Type="Utils"/>
    <File Path="$PSRCDIR/utils_1/imports/synth_1/TopCounter.dcp">
      <FileInfo>
        <Attr Name="UsedIn" Val="synthesis"/>
        <Attr Name="UsedIn" Val="implementation"/>
        <Attr Name="UsedInSteps" Val="synth_1"/>
        <Attr Name="AutoDcp" Val="1"/>
      </FileInfo>
    </File>
    <Config>
      <Option Name="TopAutoSet" Val="TRUE"/>
    </Config>
  </FileSet>
  <Strategy Version="1" Minor="2">
    <StratHandle Name="Vivado Implementation Defaults" Flow="Vivado Implementation 2023"/>
    <Step Id="init_design"/>
    <Step Id="opt_design"/>
    <Step Id="power_opt_design"/>
    <Step Id="place_design"/>
    <Step Id="post_place_power_opt_design"/>
    <Step Id="phys_opt_design"/>
    <Step Id="route_design"/>
    <Step Id="post_route_phys_opt_design"/>
    <Step Id="write_bitstream"/>
  </Strategy>
</GenRun>
