<?xml version="1.0" encoding="UTF-8"?>
<GenRun Id="impl_1" LaunchPart="xc7a100tcsg324-1" LaunchTime="1730767158">
  <File Type="ROUTE-PWR" Name="practicum_power_routed.rpt"/>
  <File Type="PA-TCL" Name="practicum.tcl"/>
  <File Type="ROUTE-PWR-SUM" Name="practicum_power_summary_routed.pb"/>
  <File Type="REPORTS-TCL" Name="practicum_reports.tcl"/>
  <File Type="OPT-RQA-PB" Name="practicum_rqa_opted.pb"/>
  <File Type="BITSTR-MMI" Name="practicum.mmi"/>
  <File Type="OPT-METHODOLOGY-DRC" Name="practicum_methodology_drc_opted.rpt"/>
  <File Type="INIT-TIMING" Name="practicum_timing_summary_init.rpt"/>
  <File Type="OPT-TIMING" Name="practicum_timing_summary_opted.rpt"/>
  <File Type="OPT-DCP" Name="practicum_opt.dcp"/>
  <File Type="OPT-DRC" Name="practicum_drc_opted.rpt"/>
  <File Type="OPT-HWDEF" Name="practicum.hwdef"/>
  <File Type="PWROPT-DCP" Name="practicum_pwropt.dcp"/>
  <File Type="PWROPT-DRC" Name="practicum_drc_pwropted.rpt"/>
  <File Type="PWROPT-TIMING" Name="practicum_timing_summary_pwropted.rpt"/>
  <File Type="PLACE-DCP" Name="practicum_placed.dcp"/>
  <File Type="PLACE-IO" Name="practicum_io_placed.rpt"/>
  <File Type="PLACE-CLK" Name="practicum_clock_utilization_placed.rpt"/>
  <File Type="PLACE-UTIL" Name="practicum_utilization_placed.rpt"/>
  <File Type="PLACE-UTIL-PB" Name="practicum_utilization_placed.pb"/>
  <File Type="PLACE-CTRL" Name="practicum_control_sets_placed.rpt"/>
  <File Type="PLACE-SIMILARITY" Name="practicum_incremental_reuse_placed.rpt"/>
  <File Type="PLACE-PRE-SIMILARITY" Name="practicum_incremental_reuse_pre_placed.rpt"/>
  <File Type="BG-BIN" Name="practicum.bin"/>
  <File Type="PLACE-TIMING" Name="practicum_timing_summary_placed.rpt"/>
  <File Type="ROUTE-PWR-RPX" Name="practicum_power_routed.rpx"/>
  <File Type="PLACE-RQA-PB" Name="practicum_rqa_placed.pb"/>
  <File Type="POSTPLACE-PWROPT-DCP" Name="practicum_postplace_pwropt.dcp"/>
  <File Type="BITSTR-MSK" Name="practicum.msk"/>
  <File Type="POSTPLACE-PWROPT-TIMING" Name="practicum_timing_summary_postplace_pwropted.rpt"/>
  <File Type="PHYSOPT-DCP" Name="practicum_physopt.dcp"/>
  <File Type="PHYSOPT-DRC" Name="practicum_drc_physopted.rpt"/>
  <File Type="BITSTR-RBT" Name="practicum.rbt"/>
  <File Type="PHYSOPT-TIMING" Name="practicum_timing_summary_physopted.rpt"/>
  <File Type="ROUTE-ERROR-DCP" Name="practicum_routed_error.dcp"/>
  <File Type="ROUTE-DCP" Name="practicum_routed.dcp"/>
  <File Type="ROUTE-BLACKBOX-DCP" Name="practicum_routed_bb.dcp"/>
  <File Type="ROUTE-DRC" Name="practicum_drc_routed.rpt"/>
  <File Type="ROUTE-DRC-PB" Name="practicum_drc_routed.pb"/>
  <File Type="ROUTE-DRC-RPX" Name="practicum_drc_routed.rpx"/>
  <File Type="ROUTE-METHODOLOGY-DRC" Name="practicum_methodology_drc_routed.rpt"/>
  <File Type="ROUTE-METHODOLOGY-DRC-RPX" Name="practicum_methodology_drc_routed.rpx"/>
  <File Type="ROUTE-METHODOLOGY-DRC-PB" Name="practicum_methodology_drc_routed.pb"/>
  <File Type="ROUTE-RQS-PB" Name="practicum_rqs_routed.pb"/>
  <File Type="ROUTE-STATUS" Name="practicum_route_status.rpt"/>
  <File Type="ROUTE-STATUS-PB" Name="practicum_route_status.pb"/>
  <File Type="ROUTE-TIMINGSUMMARY" Name="practicum_timing_summary_routed.rpt"/>
  <File Type="ROUTE-TIMING-PB" Name="practicum_timing_summary_routed.pb"/>
  <File Type="ROUTE-TIMING-RPX" Name="practicum_timing_summary_routed.rpx"/>
  <File Type="ROUTE-SIMILARITY" Name="practicum_incremental_reuse_routed.rpt"/>
  <File Type="ROUTE-CLK" Name="practicum_clock_utilization_routed.rpt"/>
  <File Type="ROUTE-BUS-SKEW" Name="practicum_bus_skew_routed.rpt"/>
  <File Type="ROUTE-BUS-SKEW-PB" Name="practicum_bus_skew_routed.pb"/>
  <File Type="ROUTE-BUS-SKEW-RPX" Name="practicum_bus_skew_routed.rpx"/>
  <File Type="POSTROUTE-PHYSOPT-DCP" Name="practicum_postroute_physopt.dcp"/>
  <File Type="POSTROUTE-PHYSOPT-BLACKBOX-DCP" Name="practicum_postroute_physopt_bb.dcp"/>
  <File Type="POSTROUTE-PHYSOPT-TIMING" Name="practicum_timing_summary_postroute_physopted.rpt"/>
  <File Type="POSTROUTE-PHYSOPT-TIMING-PB" Name="practicum_timing_summary_postroute_physopted.pb"/>
  <File Type="POSTROUTE-PHYSOPT-TIMING-RPX" Name="practicum_timing_summary_postroute_physopted.rpx"/>
  <File Type="POSTROUTE-PHYSOPT-BUS-SKEW" Name="practicum_bus_skew_postroute_physopted.rpt"/>
  <File Type="BG-BIT" Name="practicum.bit"/>
  <File Type="POSTROUTE-PHYSOPT-BUS-SKEW-PB" Name="practicum_bus_skew_postroute_physopted.pb"/>
  <File Type="POSTROUTE-PHYSOPT-BUS-SKEW-RPX" Name="practicum_bus_skew_postroute_physopted.rpx"/>
  <File Type="BITSTR-NKY" Name="practicum.nky"/>
  <File Type="BITSTR-BMM" Name="practicum_bd.bmm"/>
  <File Type="PDI-FILE" Name="practicum.pdi"/>
  <File Type="BOOT-PDI-FILE" Name="practicum_boot.pdi"/>
  <File Type="PL-PDI-FILE" Name="practicum_pld.pdi"/>
  <File Type="RCFI_FILE" Name="practicum.rcfi"/>
  <File Type="CFI_FILE" Name="practicum.cfi"/>
  <File Type="RNPI_FILE" Name="practicum.rnpi"/>
  <File Type="NPI_FILE" Name="practicum.npi"/>
  <File Type="RBD_FILE" Name="practicum.rbd"/>
  <File Type="BITSTR-LTX" Name="debug_nets.ltx"/>
  <File Type="BITSTR-LTX" Name="practicum.ltx"/>
  <File Type="BITSTR-SYSDEF" Name="practicum.sysdef"/>
  <File Type="BG-BGN" Name="practicum.bgn"/>
  <File Type="BG-DRC" Name="practicum.drc"/>
  <File Type="RDI-RDI" Name="practicum.vdi"/>
  <File Type="WBT-USG" Name="usage_statistics_webtalk.html"/>
  <File Type="ROUTE-RQS" Name="practicum_routed.rqs"/>
  <File Type="POSTROUTE-PHYSOPT-RQS" Name="practicum_postroute_physopted.rqs"/>
  <File Type="ROUTE-RQS-RPT" Name="route_report_qor_suggestions_0.rpt"/>
  <File Type="POSTROUTE-PHYSOPT-RQS-RPT" Name="postroute_physopt_report_qor_suggestions_0.rpt"/>
  <FileSet Name="sources" Type="DesignSrcs" RelSrcDir="$PSRCDIR/sources_1" RelGenDir="$PGENDIR/sources_1">
    <Filter Type="Srcs"/>
    <File Path="$PSRCDIR/sources_1/imports/sources_1/imports/hdl/cathode_top.sv">
      <FileInfo>
        <Attr Name="ImportPath" Val="$PPRDIR/../lab9/lab9.srcs/sources_1/imports/sources_1/imports/hdl/cathode_top.sv"/>
        <Attr Name="ImportTime" Val="1729890884"/>
        <Attr Name="UsedIn" Val="synthesis"/>
        <Attr Name="UsedIn" Val="implementation"/>
        <Attr Name="UsedIn" Val="simulation"/>
      </FileInfo>
    </File>
    <File Path="$PSRCDIR/sources_1/imports/sources_1/imports/hdl/seven_segment.sv">
      <FileInfo>
        <Attr Name="ImportPath" Val="$PPRDIR/../lab9/lab9.srcs/sources_1/imports/sources_1/imports/hdl/seven_segment.sv"/>
        <Attr Name="ImportTime" Val="1729887031"/>
        <Attr Name="UsedIn" Val="synthesis"/>
        <Attr Name="UsedIn" Val="implementation"/>
        <Attr Name="UsedIn" Val="simulation"/>
      </FileInfo>
    </File>
    <File Path="$PSRCDIR/sources_1/imports/sources_1/new/top.sv">
      <FileInfo>
        <Attr Name="ImportPath" Val="$PPRDIR/../lab9/lab9.srcs/sources_1/imports/sources_1/new/top.sv"/>
        <Attr Name="ImportTime" Val="1729889447"/>
        <Attr Name="UsedIn" Val="synthesis"/>
        <Attr Name="UsedIn" Val="implementation"/>
        <Attr Name="UsedIn" Val="simulation"/>
      </FileInfo>
    </File>
    <Config>
      <Option Name="DesignMode" Val="RTL"/>
      <Option Name="TopModule" Val="practicum"/>
      <Option Name="TopAutoSet" Val="TRUE"/>
    </Config>
  </FileSet>
  <FileSet Name="constrs_in" Type="Constrs" RelSrcDir="$PSRCDIR/constrs_1" RelGenDir="$PGENDIR/constrs_1">
    <Filter Type="Constrs"/>
    <File Path="$PSRCDIR/constrs_1/imports/xdc/Nexys-A7-100T-Master.xdc">
      <FileInfo>
        <Attr Name="ImportPath" Val="$PPRDIR/../lab9/lab9.srcs/constrs_1/imports/xdc/Nexys-A7-100T-Master.xdc"/>
        <Attr Name="ImportTime" Val="1729885326"/>
        <Attr Name="UsedIn" Val="synthesis"/>
        <Attr Name="UsedIn" Val="implementation"/>
      </FileInfo>
    </File>
    <Config>
      <Option Name="ConstrsType" Val="XDC"/>
    </Config>
  </FileSet>
  <FileSet Name="utils" Type="Utils" RelSrcDir="$PSRCDIR/utils_1" RelGenDir="$PGENDIR/utils_1">
    <Filter Type="Utils"/>
    <File Path="$PSRCDIR/utils_1/imports/synth_1/practicum.dcp">
      <FileInfo>
        <Attr Name="UsedIn" Val="synthesis"/>
        <Attr Name="UsedIn" Val="implementation"/>
        <Attr Name="UsedInSteps" Val="synth_1"/>
        <Attr Name="AutoDcp" Val="1"/>
      </FileInfo>
    </File>
    <Config>
      <Option Name="TopAutoSet" Val="TRUE"/>
    </Config>
  </FileSet>
  <Strategy Version="1" Minor="2">
    <StratHandle Name="Vivado Implementation Defaults" Flow="Vivado Implementation 2023"/>
    <Step Id="init_design"/>
    <Step Id="opt_design"/>
    <Step Id="power_opt_design"/>
    <Step Id="place_design"/>
    <Step Id="post_place_power_opt_design"/>
    <Step Id="phys_opt_design"/>
    <Step Id="route_design"/>
    <Step Id="post_route_phys_opt_design"/>
    <Step Id="write_bitstream"/>
  </Strategy>
</GenRun>
