<?xml version="1.0" encoding="UTF-8"?>
<GenRun Id="synth_1" LaunchPart="xc7a100tcsg324-1" LaunchTime="1728328984" LaunchIncrCheckpoint="$PSRCDIR/utils_1/imports/synth_1/counting_buttons.dcp">
  <File Type="PA-TCL" Name="counting_buttons.tcl"/>
  <File Type="RDS-PROPCONSTRS" Name="counting_buttons_drc_synth.rpt"/>
  <File Type="REPORTS-TCL" Name="counting_buttons_reports.tcl"/>
  <File Type="RDS-RDS" Name="counting_buttons.vds"/>
  <File Type="RDS-UTIL" Name="counting_buttons_utilization_synth.rpt"/>
  <File Type="RDS-UTIL-PB" Name="counting_buttons_utilization_synth.pb"/>
  <File Type="RDS-DCP" Name="counting_buttons.dcp"/>
  <File Type="VDS-TIMINGSUMMARY" Name="counting_buttons_timing_summary_synth.rpt"/>
  <File Type="VDS-TIMING-PB" Name="counting_buttons_timing_summary_synth.pb"/>
  <FileSet Name="sources" Type="DesignSrcs" RelSrcDir="$PSRCDIR/sources_1" RelGenDir="$PGENDIR/sources_1">
    <Filter Type="Srcs"/>
    <File Path="$PSRCDIR/sources_1/imports/hdl/cathode_top.sv">
      <FileInfo>
        <Attr Name="ImportPath" Val="$PPRDIR/../../../../FPGA/The-FPGA-Programming-Handbook-Second-Edition-main/CH4/SystemVerilog/counting_buttons/hdl/cathode_top.sv"/>
        <Attr Name="ImportTime" Val="1716582708"/>
        <Attr Name="UsedIn" Val="synthesis"/>
        <Attr Name="UsedIn" Val="implementation"/>
        <Attr Name="UsedIn" Val="simulation"/>
      </FileInfo>
    </File>
    <File Path="$PSRCDIR/sources_1/imports/hdl/seven_segment.sv">
      <FileInfo>
        <Attr Name="ImportPath" Val="$PPRDIR/../../../../FPGA/The-FPGA-Programming-Handbook-Second-Edition-main/CH4/SystemVerilog/counting_buttons/hdl/seven_segment.sv"/>
        <Attr Name="ImportTime" Val="1716582708"/>
        <Attr Name="UsedIn" Val="synthesis"/>
        <Attr Name="UsedIn" Val="implementation"/>
        <Attr Name="UsedIn" Val="simulation"/>
      </FileInfo>
    </File>
    <File Path="$PSRCDIR/sources_1/imports/hdl/counting_buttons.sv">
      <FileInfo>
        <Attr Name="ImportPath" Val="$PPRDIR/../../../../FPGA/The-FPGA-Programming-Handbook-Second-Edition-main/CH4/SystemVerilog/counting_buttons/hdl/counting_buttons.sv"/>
        <Attr Name="ImportTime" Val="1727882702"/>
        <Attr Name="UsedIn" Val="synthesis"/>
        <Attr Name="UsedIn" Val="implementation"/>
        <Attr Name="UsedIn" Val="simulation"/>
      </FileInfo>
    </File>
    <Config>
      <Option Name="DesignMode" Val="RTL"/>
      <Option Name="TopModule" Val="counting_buttons"/>
      <Option Name="TopAutoSet" Val="TRUE"/>
    </Config>
  </FileSet>
  <FileSet Name="constrs_in" Type="Constrs" RelSrcDir="$PSRCDIR/constrs_1" RelGenDir="$PGENDIR/constrs_1">
    <Filter Type="Constrs"/>
    <File Path="$PSRCDIR/constrs_1/imports/xdc/Nexys-A7-100T-Master.xdc">
      <FileInfo>
        <Attr Name="ImportPath" Val="$PPRDIR/../../../../FPGA/The-FPGA-Programming-Handbook-Second-Edition-main/CH4/xdc/Nexys-A7-100T-Master.xdc"/>
        <Attr Name="ImportTime" Val="1727882704"/>
        <Attr Name="UsedIn" Val="synthesis"/>
        <Attr Name="UsedIn" Val="implementation"/>
      </FileInfo>
    </File>
    <Config>
      <Option Name="ConstrsType" Val="XDC"/>
    </Config>
  </FileSet>
  <FileSet Name="utils" Type="Utils" RelSrcDir="$PSRCDIR/utils_1" RelGenDir="$PGENDIR/utils_1">
    <Filter Type="Utils"/>
    <File Path="$PSRCDIR/utils_1/imports/synth_1/counting_buttons.dcp">
      <FileInfo>
        <Attr Name="UsedIn" Val="synthesis"/>
        <Attr Name="UsedIn" Val="implementation"/>
        <Attr Name="UsedInSteps" Val="synth_1"/>
        <Attr Name="AutoDcp" Val="1"/>
      </FileInfo>
    </File>
    <Config>
      <Option Name="TopAutoSet" Val="TRUE"/>
    </Config>
  </FileSet>
  <Strategy Version="1" Minor="2">
    <StratHandle Name="Vivado Synthesis Defaults" Flow="Vivado Synthesis 2023"/>
    <Step Id="synth_design"/>
  </Strategy>
</GenRun>
