<?xml version="1.0" encoding="UTF-8"?>
<GenRun Id="impl_1" LaunchPart="xc7a100tcsg324-1" LaunchTime="1728328108">
  <File Type="ROUTE-PWR" Name="counting_state_machine_power_routed.rpt"/>
  <File Type="PA-TCL" Name="counting_state_machine.tcl"/>
  <File Type="ROUTE-PWR-SUM" Name="counting_state_machine_power_summary_routed.pb"/>
  <File Type="REPORTS-TCL" Name="counting_state_machine_reports.tcl"/>
  <File Type="OPT-RQA-PB" Name="counting_state_machine_rqa_opted.pb"/>
  <File Type="BITSTR-MMI" Name="counting_state_machine.mmi"/>
  <File Type="OPT-METHODOLOGY-DRC" Name="counting_state_machine_methodology_drc_opted.rpt"/>
  <File Type="INIT-TIMING" Name="counting_state_machine_timing_summary_init.rpt"/>
  <File Type="OPT-TIMING" Name="counting_state_machine_timing_summary_opted.rpt"/>
  <File Type="OPT-DCP" Name="counting_state_machine_opt.dcp"/>
  <File Type="OPT-DRC" Name="counting_state_machine_drc_opted.rpt"/>
  <File Type="OPT-HWDEF" Name="counting_state_machine.hwdef"/>
  <File Type="PWROPT-DCP" Name="counting_state_machine_pwropt.dcp"/>
  <File Type="PWROPT-DRC" Name="counting_state_machine_drc_pwropted.rpt"/>
  <File Type="PWROPT-TIMING" Name="counting_state_machine_timing_summary_pwropted.rpt"/>
  <File Type="PLACE-DCP" Name="counting_state_machine_placed.dcp"/>
  <File Type="PLACE-IO" Name="counting_state_machine_io_placed.rpt"/>
  <File Type="PLACE-CLK" Name="counting_state_machine_clock_utilization_placed.rpt"/>
  <File Type="PLACE-UTIL" Name="counting_state_machine_utilization_placed.rpt"/>
  <File Type="PLACE-UTIL-PB" Name="counting_state_machine_utilization_placed.pb"/>
  <File Type="PLACE-CTRL" Name="counting_state_machine_control_sets_placed.rpt"/>
  <File Type="PLACE-SIMILARITY" Name="counting_state_machine_incremental_reuse_placed.rpt"/>
  <File Type="PLACE-PRE-SIMILARITY" Name="counting_state_machine_incremental_reuse_pre_placed.rpt"/>
  <File Type="BG-BIN" Name="counting_state_machine.bin"/>
  <File Type="PLACE-TIMING" Name="counting_state_machine_timing_summary_placed.rpt"/>
  <File Type="ROUTE-PWR-RPX" Name="counting_state_machine_power_routed.rpx"/>
  <File Type="PLACE-RQA-PB" Name="counting_state_machine_rqa_placed.pb"/>
  <File Type="POSTPLACE-PWROPT-DCP" Name="counting_state_machine_postplace_pwropt.dcp"/>
  <File Type="BITSTR-MSK" Name="counting_state_machine.msk"/>
  <File Type="POSTPLACE-PWROPT-TIMING" Name="counting_state_machine_timing_summary_postplace_pwropted.rpt"/>
  <File Type="PHYSOPT-DCP" Name="counting_state_machine_physopt.dcp"/>
  <File Type="PHYSOPT-DRC" Name="counting_state_machine_drc_physopted.rpt"/>
  <File Type="BITSTR-RBT" Name="counting_state_machine.rbt"/>
  <File Type="PHYSOPT-TIMING" Name="counting_state_machine_timing_summary_physopted.rpt"/>
  <File Type="ROUTE-ERROR-DCP" Name="counting_state_machine_routed_error.dcp"/>
  <File Type="ROUTE-DCP" Name="counting_state_machine_routed.dcp"/>
  <File Type="ROUTE-BLACKBOX-DCP" Name="counting_state_machine_routed_bb.dcp"/>
  <File Type="ROUTE-DRC" Name="counting_state_machine_drc_routed.rpt"/>
  <File Type="ROUTE-DRC-PB" Name="counting_state_machine_drc_routed.pb"/>
  <File Type="ROUTE-DRC-RPX" Name="counting_state_machine_drc_routed.rpx"/>
  <File Type="ROUTE-METHODOLOGY-DRC" Name="counting_state_machine_methodology_drc_routed.rpt"/>
  <File Type="ROUTE-METHODOLOGY-DRC-RPX" Name="counting_state_machine_methodology_drc_routed.rpx"/>
  <File Type="ROUTE-METHODOLOGY-DRC-PB" Name="counting_state_machine_methodology_drc_routed.pb"/>
  <File Type="ROUTE-RQS-PB" Name="counting_state_machine_rqs_routed.pb"/>
  <File Type="ROUTE-STATUS" Name="counting_state_machine_route_status.rpt"/>
  <File Type="ROUTE-STATUS-PB" Name="counting_state_machine_route_status.pb"/>
  <File Type="ROUTE-TIMINGSUMMARY" Name="counting_state_machine_timing_summary_routed.rpt"/>
  <File Type="ROUTE-TIMING-PB" Name="counting_state_machine_timing_summary_routed.pb"/>
  <File Type="ROUTE-TIMING-RPX" Name="counting_state_machine_timing_summary_routed.rpx"/>
  <File Type="ROUTE-SIMILARITY" Name="counting_state_machine_incremental_reuse_routed.rpt"/>
  <File Type="ROUTE-CLK" Name="counting_state_machine_clock_utilization_routed.rpt"/>
  <File Type="ROUTE-BUS-SKEW" Name="counting_state_machine_bus_skew_routed.rpt"/>
  <File Type="ROUTE-BUS-SKEW-PB" Name="counting_state_machine_bus_skew_routed.pb"/>
  <File Type="ROUTE-BUS-SKEW-RPX" Name="counting_state_machine_bus_skew_routed.rpx"/>
  <File Type="POSTROUTE-PHYSOPT-DCP" Name="counting_state_machine_postroute_physopt.dcp"/>
  <File Type="POSTROUTE-PHYSOPT-BLACKBOX-DCP" Name="counting_state_machine_postroute_physopt_bb.dcp"/>
  <File Type="POSTROUTE-PHYSOPT-TIMING" Name="counting_state_machine_timing_summary_postroute_physopted.rpt"/>
  <File Type="POSTROUTE-PHYSOPT-TIMING-PB" Name="counting_state_machine_timing_summary_postroute_physopted.pb"/>
  <File Type="POSTROUTE-PHYSOPT-TIMING-RPX" Name="counting_state_machine_timing_summary_postroute_physopted.rpx"/>
  <File Type="POSTROUTE-PHYSOPT-BUS-SKEW" Name="counting_state_machine_bus_skew_postroute_physopted.rpt"/>
  <File Type="BG-BIT" Name="counting_state_machine.bit"/>
  <File Type="POSTROUTE-PHYSOPT-BUS-SKEW-PB" Name="counting_state_machine_bus_skew_postroute_physopted.pb"/>
  <File Type="POSTROUTE-PHYSOPT-BUS-SKEW-RPX" Name="counting_state_machine_bus_skew_postroute_physopted.rpx"/>
  <File Type="BITSTR-NKY" Name="counting_state_machine.nky"/>
  <File Type="BITSTR-BMM" Name="counting_state_machine_bd.bmm"/>
  <File Type="PDI-FILE" Name="counting_state_machine.pdi"/>
  <File Type="BOOT-PDI-FILE" Name="counting_state_machine_boot.pdi"/>
  <File Type="PL-PDI-FILE" Name="counting_state_machine_pld.pdi"/>
  <File Type="RCFI_FILE" Name="counting_state_machine.rcfi"/>
  <File Type="CFI_FILE" Name="counting_state_machine.cfi"/>
  <File Type="RNPI_FILE" Name="counting_state_machine.rnpi"/>
  <File Type="NPI_FILE" Name="counting_state_machine.npi"/>
  <File Type="RBD_FILE" Name="counting_state_machine.rbd"/>
  <File Type="BITSTR-LTX" Name="debug_nets.ltx"/>
  <File Type="BITSTR-LTX" Name="counting_state_machine.ltx"/>
  <File Type="BITSTR-SYSDEF" Name="counting_state_machine.sysdef"/>
  <File Type="BG-BGN" Name="counting_state_machine.bgn"/>
  <File Type="BG-DRC" Name="counting_state_machine.drc"/>
  <File Type="RDI-RDI" Name="counting_state_machine.vdi"/>
  <File Type="WBT-USG" Name="usage_statistics_webtalk.html"/>
  <File Type="ROUTE-RQS" Name="counting_state_machine_routed.rqs"/>
  <File Type="POSTROUTE-PHYSOPT-RQS" Name="counting_state_machine_postroute_physopted.rqs"/>
  <File Type="ROUTE-RQS-RPT" Name="route_report_qor_suggestions_0.rpt"/>
  <File Type="POSTROUTE-PHYSOPT-RQS-RPT" Name="postroute_physopt_report_qor_suggestions_0.rpt"/>
  <FileSet Name="sources" Type="DesignSrcs" RelSrcDir="$PSRCDIR/sources_1" RelGenDir="$PGENDIR/sources_1">
    <Filter Type="Srcs"/>
    <File Path="$PSRCDIR/sources_1/imports/hdl/cathode_top.sv">
      <FileInfo>
        <Attr Name="ImportPath" Val="$PPRDIR/../lab6/lab6.srcs/sources_1/imports/hdl/cathode_top.sv"/>
        <Attr Name="ImportTime" Val="1716582708"/>
        <Attr Name="UsedIn" Val="synthesis"/>
        <Attr Name="UsedIn" Val="implementation"/>
        <Attr Name="UsedIn" Val="simulation"/>
      </FileInfo>
    </File>
    <File Path="$PSRCDIR/sources_1/imports/hdl/seven_segment.sv">
      <FileInfo>
        <Attr Name="ImportPath" Val="$PPRDIR/../lab6/lab6.srcs/sources_1/imports/hdl/seven_segment.sv"/>
        <Attr Name="ImportTime" Val="1716582708"/>
        <Attr Name="UsedIn" Val="synthesis"/>
        <Attr Name="UsedIn" Val="implementation"/>
        <Attr Name="UsedIn" Val="simulation"/>
      </FileInfo>
    </File>
    <File Path="$PSRCDIR/sources_1/new/top.sv">
      <FileInfo>
        <Attr Name="UsedIn" Val="synthesis"/>
        <Attr Name="UsedIn" Val="implementation"/>
        <Attr Name="UsedIn" Val="simulation"/>
      </FileInfo>
    </File>
    <Config>
      <Option Name="DesignMode" Val="RTL"/>
      <Option Name="TopModule" Val="counting_state_machine"/>
      <Option Name="TopAutoSet" Val="TRUE"/>
    </Config>
  </FileSet>
  <FileSet Name="constrs_in" Type="Constrs" RelSrcDir="$PSRCDIR/constrs_1" RelGenDir="$PGENDIR/constrs_1">
    <Filter Type="Constrs"/>
    <File Path="$PSRCDIR/constrs_1/imports/xdc/Nexys-A7-100T-Master.xdc">
      <FileInfo>
        <Attr Name="ImportPath" Val="$PPRDIR/../lab6/lab6.srcs/constrs_1/imports/xdc/Nexys-A7-100T-Master.xdc"/>
        <Attr Name="ImportTime" Val="1727889877"/>
        <Attr Name="UsedIn" Val="synthesis"/>
        <Attr Name="UsedIn" Val="implementation"/>
      </FileInfo>
    </File>
    <Config>
      <Option Name="ConstrsType" Val="XDC"/>
    </Config>
  </FileSet>
  <FileSet Name="utils" Type="Utils" RelSrcDir="$PSRCDIR/utils_1" RelGenDir="$PGENDIR/utils_1">
    <Filter Type="Utils"/>
    <File Path="$PSRCDIR/utils_1/imports/synth_1/seven_segment.dcp">
      <FileInfo>
        <Attr Name="UsedIn" Val="synthesis"/>
        <Attr Name="UsedIn" Val="implementation"/>
        <Attr Name="UsedInSteps" Val="synth_1"/>
        <Attr Name="AutoDcp" Val="1"/>
      </FileInfo>
    </File>
    <Config>
      <Option Name="TopAutoSet" Val="TRUE"/>
    </Config>
  </FileSet>
  <Strategy Version="1" Minor="2">
    <StratHandle Name="Vivado Implementation Defaults" Flow="Vivado Implementation 2023"/>
    <Step Id="init_design"/>
    <Step Id="opt_design"/>
    <Step Id="power_opt_design"/>
    <Step Id="place_design"/>
    <Step Id="post_place_power_opt_design"/>
    <Step Id="phys_opt_design"/>
    <Step Id="route_design"/>
    <Step Id="post_route_phys_opt_design"/>
    <Step Id="write_bitstream"/>
  </Strategy>
</GenRun>
